part,item,street,side,ref,dist,from_dir,dir,length,to_ref,note
4.13,1,Adams Close,E,bline:1:N,0,,S,55,,From the prolongation of the northern building line of property No.1 Adams Close southwards for 55 metres
4.13,2,Davey Drive,E,bline:98:N,3.5,N,S,20,,From a point 3.5 metres North of the northern building line of No.98 Davey Drive southwards for 20 metres
4.13,3,Davey Drive,E,bline:98:N,20.5,S,S,22,,From a point 20.5 metres South of the northern building line of No.98 Davey Drive southwards for 22 metres
4.13,4,Davey Drive,E,bline:82:S,5.5,N,N,12,,From a point 5.5 metres North of the southern building line of No.82 Davey Drive northwards for 12 metres
4.13,5,Davey Drive,E,bline:74:S,1,N,N,8,,From a point 1 metre North of the southern property line of No.74 Davey Drive northwards for 8 metres
4.13,6,Davey Drive,E,bline:74:S,5.5,S,S,5.5,,From a point 5.5 metres south of the southern property line of No.74 Davey Drive southwards for 5.5 metres
4.13,7,Davey Drive,E,bound:64&66,0.5,S,S,7,,From a point 0.5 metres south of the boundary between Nos.64 & 66 Davey Drive southwards for 7 metres
4.13,8,Davey Drive,E,bound:64&66,17.5,S,S,9,,From a point of 17.5 metres of the boundary between Nos.64 & 66 Davey Drive southwards for 9 metres (order omits the direction; south assumed)
4.13,9,Davey Drive,E,bound:64&66,31,S,S,10,,From a point 31 metres south of the boundary between Nos.64 & 66 Davey Drive southwards for 10 metres
4.13,10,Davey Drive,E,kerb:Waverley Crescent:S,28,S,S,11,,From a point 28 metres south of the southern kerbline of Waverley Crescent southwards for 11 metres
4.13,11,Davey Drive,E,bound:40&42,1.5,N,S,28,,From a point 1.5 metres north of the boundary between Nos.40 & 42 Davey Drive southwards for 28 metres
4.13,12,Davey Drive,E,kerb:Southmount:E,9,E,E,44,,From a point 9 metres east of eastern kerbline of Southmount eastwards for 44 metres
4.13,13,Davey Drive,W,bound:73&75,0,,S,6.5,,From the boundary of Nos.73 & 75 Davey Drive southwards for 6.5 metres
4.13,14,Dudley Road,W,kerb:Hollingdean Street:S,5,S,S,11.5,,From a point 5 metres south of the southern kerbline of Hollingdean Street southwards for 11.5 metres
4.13,15,Dudley Road,W,bound:37&39,0,,S,116,,From the boundary between Nos.37 & 39 Dudley Road southwards for 116 metres
4.13,16,Dudley Road,W,bound:1&3,6.6,S,S,34,,From a point 6.6 metres south of the boundary between Nos.1 & 3 Dudley Road southwards for 34 metres
4.13,17,Dudley Road,N,kerb:Roedale Road:E,7.5,E,E,15,,From a point 7.5 metres east of the eastern kerbline of Roedale Road eastwards for 15 metres
4.13,18,Dudley Road,E,kerb:Hollingbury Place:S,8.5,S,S,16,,From a point 8.5 metres south of the southern kerbline of Hollingbury Place southwards for 16 metres
4.13,19,Dudley Road,E,kerb:Hollingbury Place:S,35,S,S,17,,From a point 35 metres south of the southern kerbline of Hollingbury Place southwards for 17 metres
4.13,20,Dudley Road,E,kerb:Hollingbury Place:S,57.5,S,S,136.5,,From a point 57.5 metres south of the southern kerbline of Hollingbury Place southwards for 136.5 metres
4.13,21,Dudley Road,S,kerb:Roedale Road:E,8,E,E,9,,From a point 8 metres east of the eastern kerbline of Roedale Road eastwards for 9 metres
4.13,22,Dunster Close,N,bound:8&10,2,W,W,9.5,,From a point 2 metres west of the boundary between Nos.8 & 10 Dunster Close westwards for 9.5 metres
4.13,23,Hollingbury Crescent,N,bound:14&15,1,W,W,29,,From a point 1 metre west of the boundary between Nos.14 & 15 Hollingbury Crescent westwards for 29 metres
4.13,24,Hollingbury Crescent,N,bound:14&15,5.5,E,E,5,,From a point 5.5 metres east of the boundary between Nos.14 & 15 Hollingbury Crescent eastwards for 5 metres
4.13,25,Hollingbury Crescent,N,bound:19&20,1,E,W,14.5,,From a point 1 metre east of the boundary between Nos.19 & 20 Hollingbury Crescent westwards for 14.5 metres
4.13,26,Hollingbury Crescent,S,bound:1&2,0,,N,17,,From the boundary between Nos.1 & 2 Hollingbury Crescent northwards for 17 metres
4.13,27,Hollingbury Crescent,S,bound:5b&6,5.5,S,S,14.5,,From a point 5.5 metres south of the boundary between Nos.5b & 6 Hollingbury Crescent southwards for 14.5 metres
4.13,28,Hollingbury Place,N,bound:17&19,2,W,E,5,,From a point 2 metres west of the boundary between property Nos.17 & 19 Hollingbury Place eastwards for 5 metres
4.13,29,Hollingbury Place,N,bound:23&25,1,E,E,18.5,,From a point 1 metre east of the boundary between property Nos.23 & 25 Hollingbury Place eastwards for 18.5 metres
4.13,30,Hollingbury Place,S,kerb:Roedale Road:E,9.5,E,E,10,,From a point 9.5 metres east of the eastern kerbline of Roedale Road eastwards for 10 metres
4.13,31,Hollingbury Place,S,kerb:Roedale Road:E,34.5,E,E,10,,From a point 34.5 metres east of the eastern kerbline of Roedale Road eastwards for 10 metres
4.13,32,Hollingbury Place,S,bound:24&26,14,W,W,5,,From a point 14 metres west of the boundary between property Nos.24 & 26 Hollingbury Place westwards for 5 metres
4.13,33,Hollingbury Place,S,bound:24&26,0.5,W,W,9.5,,From a point 0.5 metres west of the boundary between property Nos.24 & 26 Hollingbury Place westwards for 9.5 metres
4.13,34,Hollingbury Place,S,bound:24&26,3.5,E,E,26.5,,From a point 3.5 metres east of the boundary between property Nos.24 & 26 Hollingbury Place eastwards for 26.5 metres
4.13,35,Hollingdean Road,S,kerb:Hughes Road:W,32,W,W,11,,From a point 32 metres west of the western kerbline of Hughes Road westwards for 11 metres
4.13,36,Hollingdean Road,S,kerb:Hughes Road:W,50,W,W,34,,From a point 50 metres west of the western kerbline of Hughes Road westwards for 34 metres
4.13,37,Hollingdean Road,S,kerb:Hughes Road:W,90,W,W,6,,From a point 90 metres west of the western kerbline of Hughes Road westwards for 6 metres
4.13,38,Hollingdean Street,N,kerb:Hollingdean Terrace:E,5,E,E,14,,From a point 5 metres east of the eastern kerbline of Hollingdean Terrace eastwards for 14 metres
4.13,39,Hollingdean Street,N,kerb:Roedale Road:W,5,W,W,10,,From a point 5 metres west of the western kerbline of Roedale Road westwards for 10 metres
4.13,40,Hollingdean Street,N,kerb:Dudley Road:W,5,W,W,17.5,,From a point 5 metres west of the western kerbline of Dudley Road westwards for 17.5 metres
4.13,41,Hollingdean Street,N,kerb:Roedale Road:E,5,E,E,15,,From a point 5 metres east of the eastern kerbline of Roedale Road eastwards for 15 metres
4.13,42,Hollingdean Street,S,kerb:Hollingdean Terrace:E,5,E,E,40.5,,From a point 5 metres east of the eastern kerbline of Hollingdean Terrace eastwards for 40.5 metres
4.13,43,Hollingdean Street,S,kerb:Roedale Road:E,5,E,E,15,,From a point 5 metres east of the eastern kerbline of Roedale Road eastwards for 15 metres
4.13,44,Hollingdean Street,S,kerb:Dudley Road:W,5,W,W,19,,From a point 5 metres west of the western kerbline of Dudley Road westwards for 19 metres
4.13,45,Hollingdean Terrace,W,kerb:Hollingbury Crescent:S,9,S,S,22.5,,From a point 9 metres south of the southern kerbline of Hollingbury Crescent southwards for 22.5 metres
4.13,46,Hollingdean Terrace,W,kerb:Hollingbury Crescent:S,36.5,S,S,118,,From a point 36.5 metres south of the southern kerbline of Hollingbury Crescent southwards for 118 metres
4.13,47,Hollingdean Terrace,W,bline:85:N,0.5,S,S,52,,From a point 0.5 metres south of the northern building line of property No. 85 Hollingdean Terrace southwards for 52 metres
4.13,48,Hollingdean Terrace,W,bound:25&27,0,,N,115,,From a boundary between Nos. 25 & 27 Hollingdean Terrace northwards for 115 metres
4.13,49,Hollingdean Terrace,S,kerb:Roedale Road:W,10.5,W,W,14.5,,From a point 10.5 metres west of the western kerbline of Roedale Road westwards for 14.5 metres
4.13,50,Hollingdean Terrace,S,kerb:Roedale Road:W,31.5,W,W,9,,From a point 31.5 metres west of the western kerbline of Roedale Road westwards for 9 metres
4.13,51,Hollingdean Terrace,S,corner:W,8,E,E,4.5,,From a point 8 metres east of the western kerbline of Hollingdean Terrace eastwards for 4.5 metres
4.13,52,Horton Road,W,kerb:The Crossway:W,13,S,S,29,,From a point 13 metres south of the western kerbline of The Crossway southwards for 29 metres
4.13,53,Horton Road,W,kerb:The Crossway:W,45.5,S,S,15,,From a point 45.5 metres south of the western kerbline of The Crossway southwards for 15 metres
4.13,54,Horton Road,W,bline:46:S,3,N,N,21,,From a point 3 metres north of the prolongation of the southern building line of No.46 Horton Road northwards for 21 metres
4.13,55,Horton Road,W,bline:46:S,12,S,S,28.5,,From a point 12 metres south of the prolongation of the southern building line of No.46 Horton Road southwards for 28.5 metres
4.13,56,Horton Road,W,bline:38:S,9.5,S,S,6,,From a point 9.5 metres south of the prolongation of the southern building line of No.38 Horton Road southwards for 6 metres
4.13,57,Horton Road,W,bound:32&34,1,S,N,6,,From a point 1 meter south of the prolongation of the boundary between Nos.32 & 34 Horton Road northwards for 6 metres
4.13,58,Horton Road,W,bound:32&34,4,S,S,20.5,,From a point 4 metres south of the prolongation of the boundary between Nos.32 & 34 Horton Road southwards for 20.5 metres
4.13,59,Horton Road,W,bline:18:N,1.5,N,S,20,,From a point 1.5 metres north of the prolongation of the northern building line of No.18 Horton Road southwards for 20 metres
4.13,60,Horton Road,W,bline:5:S,1,N,N,25.5,,From a point 1 metre north of the prolongation of the southern building line of No.5 Horton Road northwards for 25.5 metres
4.13,61,Major Close,E,bound:2&3,4,N,S,10,,From a point 4 metres north of the boundary between property Nos.2 & 3 Major Close southwards for 10 metres (4 echelon bays at 90 degrees to the kerb)
4.13,62,Roedale Road,W,kerb:Hollingdean Street:S,5,S,S,55.5,,From a point 5 metres south of the southern kerbline of Hollingdean Street southwards for 55.5 metres
4.13,63,Roedale Road,W,kerb:Hollingdean Terrace:N,10,N,N,68.5,,From a point of 10 metres north of the northern kerbline of Hollingdean Terrace northwards for 68.5 metres
4.13,64,Roedale Road,W,kerb:Hollingdean Terrace:S,9,S,S,10,,From a point 9 metres south of the southern kerbline of Hollingdean Terrace southwards for 10 metres
4.13,65,Roedale Road,W,kerb:Hollingdean Terrace:S,27,S,S,35,,From a point 27 metres south of the southern kerbline of Hollingdean Terrace southwards for 35 metres
4.13,66,Roedale Road,E,kerb:Hollingbury Place:S,9,S,S,67,,From a point 9 metres south of the southern kerbline of Hollingbury Place southwards for 67 metres
4.13,67,Roedale Road,E,kerb:Hollingdean Street:N,5,N,N,84,,From a point 5 metres north of the northern kerbline of Hollingdean Street northwards for 84 metres
4.13,68,The Crossway,S,bound:2&4,13,W,E,31,,From a point 13 metres west of the boundary between Nos.2 & 4 The Crossway eastwards for 31 metres
4.13,69,The Crossway,S,kerb:Horton Road:S,14.5,E,E,14.5,,From a point 14.5 metres east of the prolongation of the southern kerbline of Horton Road eastwards for 14.5 metres
4.13,70,The Crossway,S,bound:12&14,4,W,W,28.5,,From a point 4 metres west of the boundary between Nos.12 & 14 The Crossway westwards for 28.5 metres
4.13,71,The Crossway,S,bound:12&14,0,,W,6,,From the boundary between Nos.12 & 14 The Crossway westwards for 6 metres
4.13,72,The Crossway,S,bound:12&14,8.5,E,E,6.5,,From a point 8.5 metres east of the boundary between Nos.12 & 14 The Crossway eastwards for 6.5 metres
4.13,73,The Crossway,S,bline:20:E,4.5,W,W,13,,From a point 4.5 metres west of the eastern property line of No.20 The Crossway westwards for 13 metres
4.13,74,The Linkway,S,bline:25-35:W,0,,E,53,,From the prolongation of the western building line of Nos.25 to 35 The Linkway eastwards for 53 metres
4.13,75,Tintern Close,S,bound:9&10,3.5,E,E,5,,From a point 3.5 metres east of the boundary between Nos. 09 & 10 Tintern Close eastwards for 5 metres (2 echelon bays at 90 degrees to the kerb)
4.13,76,Upper Hollingdean Road,N,kerb:Davey Drive:W,27,W,W,15,,From a point 27 metres west of the western kerbline of Davey Drive westwards for 15 metres
4.13,77,Upper Hollingdean Road,N,kerb:Roedale Road:W,25.5,W,W,38.5,,From a point 25.5 metres west of the western kerbline of Roedale Road westwards for 38.5 metres
4.13,78,Upper Hollingdean Road,N,bline:13a:E,1,W,W,5,,From a point 1 metre west of the eastern building line of No.13a Upper Hollingdean Road westwards for 5 metres
4.13,79,Upper Hollingdean Road,N,bline:13a:E,13,W,W,10,,From point 13 metres west of the eastern building line of No.13a Upper Hollingdean Road westwards for 10 metres
4.13,80,Upper Hollingdean Road,N,kerb:Hollingbury Road:W,8,W,W,60,,From a point 8 metres west of the western kerbline of Hollingbury Road westwards for 60 metres
4.13,81,Upper Hollingdean Road,N,kerb:Ditchling Road:E,44,E,E,5,,From a point 44 metres east of the eastern kerbline of Ditchling Road eastwards for 5 metres
4.13,82,Waverley Crescent,E,bline:36:S,12.5,N,S,23,,From a point 12.5 metres north of the Southern building line of No.36 Waverley Crescent southwards for 23 metres
4.13,83,Waverley Crescent,E,bline:36:S,23.5,S,S,12,,From a point 23.5 metres south of the Southern building line of No.36 Waverley Crescent southwards for 12 metres
4.13,84,Waverley Crescent,E,bound:22&24,1,N,N,5.5,,From a point 1 metres north of the boundary between Nos.22 & 24 Waverley Crescent northwards for 5.5 metres
4.13,85,Waverley Crescent,E,bound:22&24,12.5,S,S,10,,From a point 12.5 metres south of the boundary between Nos.22 & 24 Waverley Crescent southwards for 10 metres
4.13,86,Waverley Crescent,E,bline:12:N,2,N,N,12.5,,From a point 2 metres north of the northern building line of No.12 Waverley Crescent northwards for 12.5 metres
4.13,87,Waverley Crescent,S,kerb:Davey Drive:E,9,E,E,11,,From a point 9 metres east of the eastern kerbline of Davey Drive eastwards for 11 metres
4.13,88,Waverley Crescent,S,kerb:Davey Drive:E,29,E,E,7,,From a point 29 metres east of the eastern kerbline of Davey Drive eastwards for 7 metres
4.13,89,Wigmore Close,S,bline:13:E,2.5,W,W,14,,From a point 2.5 metres west of the eastern property line of No.13 Wigmore Close westwards for 14 metres (3 echelon bays at 51 degrees to the kerb)
5.14,1,Davey Drive,E,bline:98:N,28,N,N,16,,From a point 28 metres north of the northern building line of No.98 Davey Drive northwards for 16 metres
5.14,2,Davey Drive,E,kerb:Southmount:W,9.5,W,W,61,,From a point 9.5 metres west of the western kerbline of Southmount westwards for 61 metres
5.14,3,Dudley Road,W,kerb:Hollingbury Place:S,17,S,S,60,,From a point 17 metres south of the southern kerbline of Hollingbury Place southwards for 60 metres
5.14,4,Dudley Road,W,kerb:Hollingdean Street:N,5,N,N,80,,From a point 5 metres north of the northern kerbline of Hollingdean Street northwards for 80 metres
5.14,5,Dudley Road,E,bound:20&22,0,,N,58.5,,From the boundary between Nos.20 & 22 Dudley Road northwards for 58.5 metres
5.14,6,Dudley Road,E,bound:20&22,6.6,S,S,,bound:10&12,From a point 6.6 metres south of the boundary between Nos.20 & 22 Dudley Road southwards to the boundary between Nos.10 & 12 Dudley Road
5.14,7,Dudley Road,E,bound:10&12,6.6,S,S,,bline:2:W,From a point 6.6 metres south of the boundary between Nos.10 & 12 Dudley Road southwards to the western building line of No.2 Dudley Road
5.14,8,Hollingbury Crescent,S,bline:8:E,0,,N,11,,From the prolongation of the eastern building line of property No.8 Hollingbury Crescent northward for 11 metres
5.14,9,Hollingbury Crescent,S,bound:10&11,0,,W,11.5,,From the boundary of Nos.10 & 11 Hollingbury Crescent westwards for 11.5 metres
5.14,10,Hollingbury Crescent,S,bound:10&11,8.5,E,E,12,,From a point 8.5 metres east of the boundary between Nos.10 & 11 Hollingbury Crescent eastwards for 12 metres
5.14,11,Hollingbury Place,N,bound:23&25,23,E,E,47.5,,From a point 23 metres east of the boundary between property Nos.23 & 25 Hollingbury Place eastwards for 47.5 metres
5.14,12,Hollingdean Terrace,E,kerb:Hollingbury Place:S,9,S,S,19.5,,From a point 9 metres south of the southern kerbline of Hollingbury Place southwards for 19.5 metres
5.14,13,Hollingdean Terrace,E,kerb:Hollingbury Place:S,32,S,S,111,,From a point 32 metres south of the southern kerbline of Hollingbury Place southwards for 111 metres
5.14,14,Hollingdean Terrace,E,kerb:Hollingdean Street:N,5,N,N,15.5,,From a point 5 metres north of the northern kerbline of Hollingdean Street northwards for 15.5 metres
5.14,15,Hollingdean Terrace,E,kerb:Hollingdean Street:S,5,S,S,119,,From a point 5 metres south of the southern kerbline of Hollingdean Street southwards for 119 metres
5.14,16,Hollingdean Terrace,E,corner:N,5,N,N,19.5,,From a point 5 metres north of the northern kerbline of Hollingdean Terrace northwards for 19.5 metres
5.14,17,Hollingdean Terrace,N,kerb:Roedale Road:W,10.5,W,W,36.5,,From a point 10.5 metres west of the western kerbline of Roedale Road westwards for 36.5 metres
5.14,18,Horton Road,W,bline:60:N,2,N,S,6,,From a point 2 metres north of the prolongation of the northern building line of No.60 Horton Road southwards for 6 metres
5.14,19,Horton Road,W,bline:60:N,7.5,S,S,33,,From a point 7.5 metres south of the prolongation of the northern building line of No.60 Horton Road southwards for 33 metres
5.14,20,Horton Road,W,bound:22&24,2.5,N,S,16.5,,From a point 2.5 metres north of the prolongation of the boundary between Nos.22 & 24 Horton Road southwards for 16.5 metres
5.14,21,Horton Road,E,kerb:Davey Drive:N,11.5,N,N,15.5,,From a point 11.5 metres north of the northern kerbline of Davey Drive northwards for 15.5 metres
5.14,22,Roedale Road,W,kerb:Hollingbury Place:S,12.5,S,S,11,,From a point 12.5 metres south of the southern kerbline of Hollingbury Place southwards for 11 metres
5.14,23,Roedale Road,W,kerb:Hollingbury Place:S,32,S,S,97.5,,From a point 32 metres south of the southern kerbline of Hollingbury Place southwards for 97.5 metres
5.14,24,Roedale Road,W,bound:69&71,0,,S,26.5,,From the boundary between Nos.69 & 71 Roedale Road southwards for 26.5 metres
5.14,25,Roedale Road,E,kerb:Hollingdean Street:S,24,S,S,26.5,,From a point 24 metres south of the southern kerbline of Hollingdean Street southwards for 26.5 metres
5.14,26,Roedale Road,E,kerb:Hollingdean Street:S,54,S,S,9.5,,From a point 54 metres south of the southern kerbline of Hollingdean Street southwards for 9.5 metres
5.14,27,Roedale Road,E,kerb:Hollingdean Street:S,70,S,S,26.5,,From a point 70 metres south of the southern kerbline of Hollingdean Street southwards for 26.5 metres
5.14,28,Roedale Road,E,bound:40&42,0,,S,50.5,,From the boundary between Nos.40 & 42 Roedale Road southwards for 50.5 metres
5.14,29,Roedale Road,E,kerb:Dudley Road:S,8,S,S,29,,From a point 8 metres south of the southern kerbline of Dudley Road southwards for 29 metres
5.14,30,The Crossway,S,bline:20:E,0.5,E,E,40,,From a point 0.5 metres east of the eastern property line of No.20 The Crossway eastwards for 40 metres
5.14,31,The Linkway,S,bline:13-23:S,6,S,N,20,,From a point 6 metres south of the prolongation of the southern building line of Nos.13 to 23 The Linkway northwards for 20 metres
5.14,32,The Linkway,S,bline:49-59:W,6.5,E,E,10,,From a point 6.5 metres east of the prolongation of the western building line of Nos.49 to 59 The Linkway eastwards for 10 metres
5.14,33,The Linkway,S,bline:49-59:W,22,E,E,10,,From a point 22 metres east of the prolongation of the western building line of Nos.49 to 59 The Linkway eastwards for 10 metres
6.9,1,Hollingbury Place,N,bound:1&3,1.5,E,E,11,,From a point 1.5 meters east of the boundary between Nos.1 & 3 Hollingbury Place eastwards for 11 metres
6.9,2,Hollingbury Place,S,bound:2&4,0,,E,32.5,,From the boundary between Nos.2 & 4 Hollingbury Place eastwards for 32.5 metres
6.10,1,Upper Hollingdean Road,S,kerb:Hollingdean Lane:W,15,W,W,92.5,,From a point 15 metres west of the western kerbline of Hollingdean Lane westwards for 92.5 metres
6.10,2,Upper Hollingdean Road,S,kerb:Roedale Road:W,30.5,W,W,43,,From a point 30.5 metres west of the prolongation of the western kerbline of Roedale Road westwards for 43 metres
6.10,3,Upper Hollingdean Road,S,kerb:Hollingbury Road:E,4,W,W,35,,From a point 4 metres west of the prolongation of the eastern kerbline of Hollingbury Road westwards for 35 metres
6.10,4,Upper Hollingdean Road,S,kerb:Ditchling Road:E,45.5,E,E,15,,From a point 45.5 metres east of the eastern kerbline of Ditchling Road eastwards for 15 metres
